event_id,track_id,related_track_ids,start_frame,end_frame,anchor_frame,reasons,raw_flag_ids,context_start,context_end
E000001,26,[],24,26,26,"[""track_gap""]","[""F000001""]",22,28
E000002,26,[],26,28,28,"[""track_gap""]","[""F000002""]",24,30
E000003,26,[],29,31,31,"[""track_gap""]","[""F000003""]",27,33
E000004,26,[],31,33,33,"[""track_gap""]","[""F000004""]",29,35
E000005,26,[],35,38,38,"[""track_gap""]","[""F000005""]",33,40
E000006,112,[],103,105,105,"[""track_gap""]","[""F000006""]",101,107
E000007,152,[],112,122,122,"[""track_gap"", ""track_reappeared""]","[""F000007"", ""F000008""]",110,124
E000008,187,[],129,145,145,"[""track_gap"", ""track_reappeared""]","[""F000010"", ""F000011""]",127,147
E000009,229,[],133,148,148,"[""track_gap"", ""track_reappeared""]","[""F000013"", ""F000014""]",131,150
E000010,322,[112],135,137,137,"[""possible_fragmentation""]","[""F000009""]",133,139
E000011,319,[],144,146,146,"[""track_gap""]","[""F000012""]",142,148
E000012,363,[],150,152,152,"[""track_gap""]","[""F000015""]",148,154
