raw_flag_id,frame_id,track_id,related_track_id,reason,observed_value,threshold,previous_frame_id,start_frame,end_frame,explanation
F000001,17,2,,track_gap,3,1,13,13,17,
F000002,19,12,,track_gap,1,1,17,17,19,
F000003,22,12,,track_gap,1,1,20,20,22,
F000004,28,12,,track_gap,4,1,23,23,28,
F000005,31,12,,track_gap,1,1,29,29,31,
F000006,39,12,,track_gap,6,1,32,32,39,
F000007,39,12,,track_reappeared,6,5,32,32,39,
F000008,42,12,,track_gap,2,1,39,39,42,
F000009,50,12,,track_gap,7,1,42,42,50,
F000010,50,12,,track_reappeared,7,5,42,42,50,
F000011,56,12,,track_gap,4,1,51,51,56,
F000012,59,12,,track_gap,1,1,57,57,59,
F000013,63,12,,track_gap,2,1,60,60,63,
F000014,85,12,,track_gap,8,1,76,76,85,
F000015,85,12,,track_reappeared,8,5,76,76,85,
F000016,98,12,,track_gap,8,1,89,89,98,
F000017,98,12,,track_reappeared,8,5,89,89,98,
F000018,105,12,,track_gap,6,1,98,98,105,
F000019,105,12,,track_reappeared,6,5,98,98,105,
F000020,120,47,,track_gap,1,1,118,118,120,
F000021,149,44,,track_gap,26,1,122,122,149,
F000022,149,44,,track_reappeared,26,5,122,122,149,
F000023,155,44,,track_gap,5,1,149,149,155,
F000024,155,44,,track_reappeared,5,5,149,149,155,
F000025,157,44,,track_gap,1,1,155,155,157,
F000026,164,44,,track_gap,1,1,162,162,164,
F000027,173,44,,track_gap,1,1,171,171,173,
