sequence,frame,track,related,iou,center_distance,size_ratio,qualifies
0001,23,77,85,0.8698080756195685,0.01454166647890334,1.119650205761317,True
0001,24,77,85,0.8779700976651323,0.03227948419237709,1.116111611161116,True
0000,99,26,140,0.9959865811884273,0.0010111538946835864,1.0015646571560055,True
0000,144,319,348,0.5698374592610674,0.1622395989344126,1.0167816091954023,False
0000,146,319,348,0.2792850538242313,0.37222075142937877,1.2937968643490116,False
0000,147,319,348,0.21668510688984838,0.44827772384318954,1.3465703971119134,False
0000,148,319,348,0.15687577301888458,0.522142734989441,1.3385046326222798,False
0000,149,319,348,0.17183729936827097,0.5045057464061498,1.3500950771181068,False
0000,150,319,348,0.15142008995789918,0.5470893236726933,1.4122057904603207,False
0000,151,319,348,0.1355790261574351,0.5830436668919492,1.4630778467080248,False
0000,152,319,348,0.11874426005704497,0.6113290752943223,1.4547532863402552,False
0000,153,319,348,0.10285637743429364,0.6472866816854981,1.4792550248939702,False
0000,154,319,348,0.09045501163634526,0.6847558334659427,1.5225691347011598,False
