frame_id,track_id,reason,observed_value,threshold,previous_frame_id,related_track_id
17,2,track_gap,3,1,13,
19,12,track_gap,1,1,17,
22,12,track_gap,1,1,20,
28,12,track_gap,4,1,23,
31,12,track_gap,1,1,29,
39,12,track_gap,6,1,32,
39,12,track_reappeared,6,5,32,
42,12,track_gap,2,1,39,
50,12,track_gap,7,1,42,
50,12,track_reappeared,7,5,42,
56,12,track_gap,4,1,51,
59,12,track_gap,1,1,57,
63,12,track_gap,2,1,60,
85,12,track_gap,8,1,76,
85,12,track_reappeared,8,5,76,
98,12,track_gap,8,1,89,
98,12,track_reappeared,8,5,89,
105,12,track_gap,6,1,98,
105,12,track_reappeared,6,5,98,
120,47,track_gap,1,1,118,
149,44,track_gap,26,1,122,
149,44,track_reappeared,26,5,122,
155,44,track_gap,5,1,149,
155,44,track_reappeared,5,5,149,
157,44,track_gap,1,1,155,
164,44,track_gap,1,1,162,
173,44,track_gap,1,1,171,
